,timestep,echogae_eci,echogae_eci,echogae_eci,delta_echogae_eci,delta_echogae_eci,delta_echogae_eci,debgnn_eci,debgnn_eci,debgnn_eci,delta_debgnn_eci,delta_debgnn_eci,delta_debgnn_eci,echogae_silhouette,echogae_silhouette,echogae_silhouette,debgnn_silhouette,debgnn_silhouette,debgnn_silhouette
,count,mean,min,max,mean,min,max,mean,min,max,mean,min,max,mean,min,max,mean,min,max
subreddit,,,,,,,,,,,,,,,,,,,
blacklivesmatter,10,0.48579997,0.452,0.516,0.004111111,-0.044,0.029,0.3694,0.252,0.471,0.006666667,-0.156,0.063,-0.18214000000000002,-0.2121,-0.134,-0.38073,-0.5529,-0.2141
brexit,23,0.4488696,0.308,0.643,-0.00022727218,-0.195,0.209,0.474,0.376,0.577,-0.0012727267,-0.13,0.112,-0.12789130434782608,-0.3879,0.2797,-0.07989565217391305,-0.2559,0.1493
climate,26,0.46796152,0.419,0.532,-0.0015999996,-0.054,0.041,0.37534615,0.285,0.516,0.0010800001,-0.154,0.162,-0.12453846153846154,-0.2121,0.0392,-0.2984269230769231,-0.4551,0.0074
democrats,9,0.4118889,0.373,0.447,0.0042499998,-0.031,0.072,0.28044444,0.22,0.339,0.007000001,-0.073,0.119,-0.2006,-0.2638,-0.1202,-0.45566666666666666,-0.5793,-0.3476
republican,9,0.41944444,0.384,0.446,-0.00024999958,-0.031,0.052,0.26422223,0.208,0.338,-0.0027500005,-0.088,0.06,-0.20092222222222222,-0.2623,-0.1421,-0.49733333333333335,-0.6032,-0.3589
