gap,conf_mae_mean,conf_nll_mean,link_auc_mean,stance_kl_mean,stance_nll_mean
0,0.34550110790486765,0.7120571329433296,0.8762212802950314,0.6157761197015283,0.6237086401560278
1,0.34527602766867865,0.7144330585880025,0.8926505812238157,0.5897643494284848,0.597696870440712
2,0.34380543427368127,0.7242130845782926,0.8491677281034626,0.6301541070657253,0.6380866170350348
